<?xml version="1.0" encoding="UTF-8"?>
<urlrewrite>
	<!-- 一个参数、两个、三个、四个配置方法，按需求自己模仿配置 -->
	<rule>
		<from>^/([^\s.]+).htm$</from>
		<to type="forward">/$1.jsp</to>
	</rule>
	<rule>
		<from>^/([^\s.]+).html$</from>
		<to type="forward">/$1.jsp</to>
	</rule>
	
	<rule>
		<from>^/([^\s.]+).htm?([^\s]+)=([^\s]+)$</from>
		<to type="forward">/$1.jsp?$2=$3</to>
	</rule>
	<rule>
		<from>^/([^\s.]+).html?([^\s]+)=([^\s]+)$</from>
		<to type="forward">/$1.jsp?$2=$3</to>
	</rule>
	
	<rule>
		<from>^/([^\s.]+).htm?([^\s]+)=([^\s]+)&amp;([^\s]+)=([^\s]+)$</from>
		<to type="forward">/$1.jsp?$2=$3&amp;$4=$5</to>
	</rule>
	<rule>
		<from>^/([^\s.]+).html?([^\s]+)=([^\s]+)&amp;([^\s]+)=([^\s]+)$</from>
		<to type="forward">/$1.jsp?$2=$3&amp;$4=$5</to>
	</rule>
	
	<rule>
		<from>^/([^\s.]+).htm?([^\s]+)=([^\s]+)&amp;([^\s]+)=([^\s]+)&amp;([^\s]+)=([^\s]+)$</from>
		<to type="forward">/$1.jsp?$2=$3&amp;$4=$5&amp;$6=$7</to>
	</rule>
	<rule>
		<from>^/([^\s.]+).html?([^\s]+)=([^\s]+)&amp;([^\s]+)=([^\s]+)&amp;([^\s]+)=([^\s]+)$</from>
		<to type="forward">/$1.jsp?$2=$3&amp;$4=$5&amp;$6=$7</to>
	</rule>
	
	<rule>
		<from>^/([^\s.]+).htm?([^\s]+)=([^\s]+)&amp;([^\s]+)=([^\s]+)&amp;([^\s]+)=([^\s]+)&amp;([^\s]+)=([^\s]+)$</from>
		<to type="forward">/$1.jsp?$2=$3&amp;$4=$5&amp;$6=$7&amp;$8=$9</to>
	</rule>
	<rule>
		<from>^/([^\s.]+).html?([^\s]+)=([^\s]+)&amp;([^\s]+)=([^\s]+)&amp;([^\s]+)=([^\s]+)&amp;([^\s]+)=([^\s]+)$</from>
		<to type="forward">/$1.jsp?$2=$3&amp;$4=$5&amp;$6=$7&amp;$8=$9</to>
	</rule>
	
	
</urlrewrite>