﻿<?xml version="1.0" encoding="UTF-8"?>
<beans xmlns="http://www.springframework.org/schema/beans"
	xmlns:xsi="http://www.w3.org/2001/XMLSchema-instance"
	xmlns:context="http://www.springframework.org/schema/context"
	xmlns:aop="http://www.springframework.org/schema/aop"
	xmlns:tx="http://www.springframework.org/schema/tx"
	xsi:schemaLocation="http://www.springframework.org/schema/beans
           http://www.springframework.org/schema/beans/spring-beans-3.0.xsd
           http://www.springframework.org/schema/context http://www.springframework.org/schema/context/spring-context-3.0.xsd
           http://www.springframework.org/schema/aop http://www.springframework.org/schema/aop/spring-aop-3.0.xsd
           http://www.springframework.org/schema/tx http://www.springframework.org/schema/tx/spring-tx-3.0.xsd
           http://www.springframework.org/schema/util/spring-util-3.0.xsd  
    	   http://www.springframework.org/schema/cache http://www.springframework.org/schema/cache/spring-cache-3.0.xsd">
	<context:annotation-config />
	<!-- 自动扫描依赖导入 -->
	<context:component-scan base-package="com.YuanXu.Admin.Action"/>
	<context:component-scan base-package="com.YuanXu.Admin.Service"/>

	<context:component-scan base-package="com.YuanXu.WebWorker.Action"/>
	<context:component-scan base-package="com.YuanXu.WebWorker.Service"/>
	
	<context:component-scan base-package="com.YuanXu.External.Action"/>
	<context:component-scan base-package="com.YuanXu.External.Service"/>

	<context:component-scan base-package="com.YuanXu.Rcadmin.Action"/>
	<context:component-scan base-package="com.YuanXu.Rcadmin.Service"/>
	
	<context:component-scan base-package="com.YuanXu.Web.Action"/>
	<context:component-scan base-package="com.YuanXu.Web.Service"/>
	<bean id="sessionFactory" 
		class="org.springframework.orm.hibernate3.annotation.AnnotationSessionFactoryBean">
		<property name="configLocation" value="classpath:/hibernate.cfg.xml"/>
		<!-- 扫描以下包，发现有Entity的类主动注入 -->
		<property name="packagesToScan">
			<list>
				<value>com.YuanXu.Admin.Entity</value>
				<value>com.YuanXu.Tip.Entity</value>
				<value>com.YuanXu.WebWorker.Entity</value>
				<value>com.YuanXu.Web.Entity</value>
			</list>
		</property>
	</bean>
	<bean id="txManager" class="org.springframework.orm.hibernate3.HibernateTransactionManager">
		<property name="sessionFactory" ref="sessionFactory" />
	</bean>
	<!-- 配置事务的传播特性 -->
	<tx:advice id="txAdvice" transaction-manager="txManager">
		<tx:attributes>
			<tx:method name="add*" propagation="REQUIRED" />
			<tx:method name="update*" propagation="REQUIRED"/>
			<tx:method name="dele*" propagation="REQUIRED"/>
			<tx:method name="do*" propagation="REQUIRED"/><!-- 其他业务 -->
			<tx:method name="is*" propagation="REQUIRED"/><!-- 判断事务 -->
			<tx:method name="makeLog" propagation="REQUIRES_NEW" /><!-- 不继承上下文事务，为自己创建事务 -->
			<tx:method name="*" read-only="true"/>
			<tx:method name="web*" read-only="true"/>
			<tx:method name="get*" read-only="true" />
		</tx:attributes>
	</tx:advice>
	<!-- 哪些类的哪些方法参与事务 -->
	<aop:config>
		<aop:pointcut expression="execution(* com.YuanXu*..Service.*ServiceImpl.*(..))" id="allMethod" />
		<aop:advisor advice-ref="txAdvice" pointcut-ref="allMethod" />
	</aop:config>
	<aop:config>
		<aop:pointcut expression="execution(* com.YuanXu.Util.Parent.MyServiceParent.*(..))" id="allMethod2" />
		<aop:advisor advice-ref="txAdvice" pointcut-ref="allMethod2" />
	</aop:config>
	
	<!-- 配置cache -->  
    <bean id="cacheManager" class="org.springframework.cache.ehcache.EhCacheManagerFactoryBean">  
        <property name="configLocation">    
            <value>/WEB-INF/classes/ehcache.xml</value>    
        </property>
    </bean>
    <bean id="methodCache" class="org.springframework.cache.ehcache.EhCacheFactoryBean">  
        <property name="cacheManager" ref="cacheManager" />
        <property name="cacheName" value="yuanxuwebservice" />
    </bean>
    <!-- 缓存操作核心类 -->
    <bean id="methodCacheInterceptor" class="com.YuanXu.Util.Ehcache.MethodCacheInterceptor">  
        <property name="cache" ref="methodCache" />
    </bean>
    
    <!-- 哪些类的哪些方法参与事务 -->
	<aop:config>
		<aop:pointcut expression="execution(* com.YuanXu*.Web.Service.*ServiceImpl.web*(..))" id="ehcacheaop" />
		<aop:advisor advice-ref="methodCacheInterceptor" pointcut-ref="ehcacheaop" />
	</aop:config>
    
    
	
	<!-- SMTP邮件 会员找回密码服务配置 -->
	<bean id="javaMailSender" class="org.springframework.mail.javamail.JavaMailSenderImpl">
		<property name="host" value="smtp.qq.com" />
		<property name="username" value="103962527" />
		<property name="password" value="xxx" />
		<property name="javaMailProperties">
			<props>
				<prop key="mail.smtp.auth">true</prop>
				<prop key="mail.smtp.timeout">25000</prop>
				<!-- SSL连接配置 -->
				<!-- <prop key="mail.smtp.starttls.enable">true</prop> <prop key="mail.smtp.socketFactory.class">javax.net.ssl.SSLSocketFactory</prop> -->
			</props>
		</property>
	</bean>
	<!-- SMTP邮件异步发送 -->
	<bean id="taskExecutor"
		class="org.springframework.scheduling.concurrent.ThreadPoolTaskExecutor">
		<!-- 核心线程数 -->
		<property name="corePoolSize" value="10" />
		<!-- 最大线程数 -->
		<property name="maxPoolSize" value="50" />
		<!-- 最大队列数 -->
		<property name="queueCapacity" value="10000" />
		<!-- 线程池维护线程所允许的空闲时间 -->
		<property name="keepAliveSeconds" value="60" />
	</bean>
	
	<!-- scope="prototype"  把spring默认的单例模式改为非单例模式，保证每个请求都有独立的对象 -->
	<!-- dao操作 -->
	<bean id="myDaoParent" class="com.YuanXu.Util.Dao.MyDaoParentImpl" scope="prototype"/>
	
	
</beans>