﻿<?xml version='1.0' encoding='utf-8'?>
<!DOCTYPE hibernate-configuration
PUBLIC "-//Hibernate/Hibernate Configuration DTD//EN"    
"http://hibernate.sourceforge.net/hibernate-configuration-3.0.dtd">

<hibernate-configuration>
<session-factory>
	<property name="connection.url">jdbc:mysql://localhost:3306/school?useUnicode=true&amp;characterEncoding=UTF-8</property>
	<property name="connection.username">root</property>
	<property name="connection.password">root</property>

	<property name="connection.databese">school</property>
	<property name="mysql.binpath">C:\Program Files\MySQL\MySQL Server 5.0\bin</property>
	<property name="bakeupPath">dbback</property>

	<property name="connection.driver_class">com.mysql.jdbc.Driver</property>
	<property name="dialect">org.hibernate.dialect.MySQLDialect</property>
	
	<!-- C3P0连接池设定-->
	<property name="hibernate.connection.provider_class">org.hibernate.connection.C3P0ConnectionProvider</property>
	<!-- 最大连接数 -->
	<property name="hibernate.c3p0.max_size">50</property>
	<!-- 最小连接数 -->
	<property name="hibernate.c3p0.min_size">5</property>
	<!-- 获得连接的超时时间,如果超过这个时间,会抛出异常，单位毫秒 -->
	<property name="hibernate.c3p0.timeout">120</property>
	<!-- 最大的PreparedStatement的数量 -->
	<property name="hibernate.c3p0.max_statements">100</property>
	<!-- 每隔20秒检查连接池里的空闲连接 ，单位是秒-->
	<property name="hibernate.c3p0.idle_test_period">120</property>
	<!-- 当连接池里面的连接用完的时候，C3P0一下获取的新的连接数 -->
	<property name="hibernate.c3p0.acquire_increment">2</property>
	<!-- 每次都验证连接是否可用 -->
	<property name="hibernate.c3p0.validate">true</property>
	
	<property name="show_sql">true</property>
	<property name="hbm2ddl.auto">update</property>
</session-factory>
</hibernate-configuration>
