﻿<?xml version="1.0" encoding="UTF-8"?>
<!DOCTYPE struts PUBLIC
    "-//Apache Software Foundation//DTD Struts Configuration 2.0//EN"
    "http://struts.apache.org/dtds/struts-2.0.dtd">
<struts>
	<package name="Struts2_admin" extends="struts-default" namespace="/admin">
		<!-- 定义拦截器 -->
    	<interceptors>  
            <interceptor name="adminInterceptot" class="com.YuanXu.Util.Filter.MyInterceptot">
                  <!-- 不拦截的方法 -->
                  <param name="excludeMethods">login</param>
            </interceptor>
            <!-- 拦截器栈 -->  
            <interceptor-stack name="mydefault">  
                <interceptor-ref name="defaultStack" />  
                <interceptor-ref name="adminInterceptot" />  
            </interceptor-stack>  
        </interceptors>
   		
        <!-- 定义全局Result -->  
        <global-results> 
       		<result name="loginTimeOut">/admin/login.jsp</result>
       		<result name="loginTimeOut_list">/public/listerror_loginLose.jsp</result>
       		<result name="noPower">/public/error_noPower.jsp</result>
       		<result name="noPower_list">/public/listerror_noPower.jsp</result>
       		<result name="exception-error">/public/error.jsp</result>
        </global-results>
        <global-exception-mappings>
            <exception-mapping result="exception-error" exception="java.lang.Exception"></exception-mapping>
        </global-exception-mappings>
   		
   								
		<action name="login" class="adminAction" method="login">
			<result name="success">/admin/manage.jsp</result>
			<result name="input">/public/noticedialog.jsp?rUrl=admin/login.jsp</result>
			<result name="error">/public/noticedialog.jsp?rUrl=admin/login.jsp</result>
			<interceptor-ref name="mydefault" />
		</action>
		<action name="updateName" class="adminAction" method="updateName">
			<result name="success">/public/noticedialog.jsp?rUrl=admin/login.jsp</result>
			<result name="input">/public/noticedialog.jsp?rUrl=admin/adminsetting.jsp</result>
			<result name="error">/public/noticedialog.jsp?rUrl=admin/adminsetting.jsp</result>
			<interceptor-ref name="mydefault" />
		</action>
		<action name="updatePw" class="adminAction" method="updatePw">
			<result name="success">/public/noticedialog.jsp?rUrl=admin/exit.jhtml</result>
			<result name="input">/public/noticedialog.jsp?rUrl=admin/adminsetting.jsp</result>
			<result name="error">/public/noticedialog.jsp?rUrl=admin/adminsetting.jsp</result>
			<interceptor-ref name="mydefault" />
		</action>
		<action name="exit" class="adminAction" method="exit">
			<result name="success">/admin/login.jsp</result>
			<result name="input">/admin/login.jsp</result>
			<interceptor-ref name="mydefault" />
		</action>
		<action name="clearCache" class="clearCacheAction" method="clearCache">
			<result name="success">/public/noticedialog.jsp?rUrl=closeTab</result>
			<result name="input">/public/noticedialog.jsp?rUrl=closeTab</result>
			<result name="error">/public/noticedialog.jsp?rUrl=closeTab</result>
			<interceptor-ref name="mydefault" />
		</action>
				
		<action name="getLogData" class="logAction" method="getLogData">
			<interceptor-ref name="mydefault" />
		</action>
		
		<!-- 发布网站 -->
		<action name="updateWeb" class="makeHtmlAction" method="updateWeb">
			<result name="success">/public/noticedialog.jsp?rUrl=closeTab</result>
			<result name="error">/public/noticedialog.jsp?rUrl=closeTab</result>
			<interceptor-ref name="mydefault" />
		</action>
		
		<!-- 会员管理 -->
		<action name="member_*" class="memberAction" method="admin_{1}">
			<interceptor-ref name="mydefault" />
		</action>	
		
		<!-- 数据库备份管理 -->
		<action name="backupdb_*" class="backUpDBAction" method="admin_{1}">
			<interceptor-ref name="mydefault" />
		</action>
		
		<!-- 系统参数 -->
		<action name="sysparam_*" class="sysParamAction" method="admin_{1}">
			<interceptor-ref name="mydefault" />
		</action>
		
		<!-- 网络部角色 -->
		<action name="webrole_*" class="adminWebRoleAction" method="admin_{1}">
			<interceptor-ref name="mydefault" />
		</action>
		<!-- 总部人员管理 -->
		<action name="analyseuser_*" class="analyseuserAction" method="admin_{1}">
			<interceptor-ref name="mydefault" />
		</action>
		<!-- 网络部工作人员管理 -->
		<action name="webworker_*" class="adminWebWorkerAction" method="admin_{1}">
			<interceptor-ref name="mydefault" />
		</action>
		
		<!-- 获取网络部工作人员操作记录 -->
		<action name="getWebWorkerLogData" class="adminWebWorkerLogAction" method="getWebWorkerLogData">
			<interceptor-ref name="mydefault" />
		</action>
		
		<!-- 获取网络部工作人员操作记录 -->
		<action name="webworkerlog_*" class="webWorkerLogAction" method="admin_{1}">
			<interceptor-ref name="mydefault" />
		</action>
	</package>
</struts>
