﻿<?xml version="1.0" encoding="UTF-8"?>
<!DOCTYPE struts PUBLIC
    "-//Apache Software Foundation//DTD Struts Configuration 2.0//EN"
    "http://struts.apache.org/dtds/struts-2.0.dtd">
<struts>
	<package name="Struts2_analyseuser" extends="struts-default" namespace="/analyseuser">
   		<!-- 定义拦截器 -->
    	<interceptors>  
            <interceptor name="analyserUserInterceptot" class="com.YuanXu.Util.Filter.MyInterceptot">
                  <!-- 不拦截的方法 -->
                  <param name="excludeMethods">login</param>
            </interceptor>
            <!-- 拦截器栈 -->  
            <interceptor-stack name="mydefault">
                <interceptor-ref name="defaultStack" />
                <interceptor-ref name="analyserUserInterceptot" />
            </interceptor-stack>  
        </interceptors>
        <!-- 定义全局Result -->  
        <global-results> 
       		<result name="loginTimeOut">/analyseuser/login.jsp</result>
       		<result name="loginTimeOut_list">/public/listerror_loginLose.jsp</result>
       		<result name="noPower">/public/error_noPower.jsp</result>
       		<result name="noPower_list">/public/listerror_noPower.jsp</result>
       		<result name="exception-error">/public/error.jsp</result>
        </global-results>
        <global-exception-mappings>
            <exception-mapping result="exception-error" exception="java.lang.Exception"></exception-mapping>
        </global-exception-mappings>
   		
   								
		<action name="login" class="analyseAction" method="login">
			<result name="success">/analyseuser/cn/manage.jsp</result>
			<result name="input">/public/noticedialog.jsp?rUrl=analyseuser/login.jsp</result>
			<result name="error">/public/noticedialog.jsp?rUrl=analyseuser/login.jsp</result>
			<interceptor-ref name="mydefault"/>
		</action>
		<action name="updateName" class="analyseAction" method="updateName">
			<result name="success">/public/noticedialog.jsp?rUrl=analyseuser/login.jsp</result>
			<result name="input">/public/noticedialog.jsp?rUrl=analyseuser/cn/adminsetting.jsp</result>
			<result name="error">/public/noticedialog.jsp?rUrl=analyseuser/cn/adminsetting.jsp</result>
			<result name="input_cn">/public/noticedialog.jsp?rUrl=analyseuser/cn/adminsetting.jsp</result>
			<result name="error_cn">/public/noticedialog.jsp?rUrl=analyseuser/cn/adminsetting.jsp</result>
			<interceptor-ref name="mydefault" />
		</action>
		<action name="updatePw" class="analyseAction" method="updatePw">
			<result name="success">/public/noticedialog.jsp?rUrl=analyseuser/login.jsp</result>
			<result name="input">/public/noticedialog.jsp?rUrl=analyseuser/cn/adminsetting.jsp</result>
			<result name="error">/public/noticedialog.jsp?rUrl=analyseuser/cn/adminsetting.jsp</result>
			<result name="input_cn">/public/noticedialog.jsp?rUrl=analyseuser/cn/adminsetting.jsp</result>
			<result name="error_cn">/public/noticedialog.jsp?rUrl=analyseuser/cn/adminsetting.jsp</result>
			<interceptor-ref name="mydefault" />
		</action>
		<action name="exit" class="analyseAction" method="exit">
			<result name="success">/analyseuser/login.jsp</result>
			<result name="input">/analyseuser/login.jsp</result>
			<interceptor-ref name="mydefault" />
		</action>
		<action name="clearCache" class="clearCacheAction" method="clearCache">
			<result name="success">/public/noticedialog.jsp?rUrl=closeTab</result>
			<result name="input">/public/noticedialog.jsp?rUrl=closeTab</result>
			<result name="error">/public/noticedialog.jsp?rUrl=closeTab</result>
			<interceptor-ref name="mydefault" />
		</action>
		
		<!-- 总部角色 -->
		<action name="analyseuser_*" class="analyseAction" method="admin_{1}">
			<interceptor-ref name="mydefault" />
		</action>
		<!-- 获取总部工作人员操作记录 -->
		<action name="getAnalyseLogData" class="analyselogAction" method="getAnalyseLogData">
			<interceptor-ref name="mydefault" />
		</action>
	</package>
</struts>
