﻿<?xml version="1.0" encoding="UTF-8"?>
<!DOCTYPE struts PUBLIC
    "-//Apache Software Foundation//DTD Struts Configuration 2.0//EN"
    "http://struts.apache.org/dtds/struts-2.0.dtd">
<struts>
	<package name="Struts2_util" extends="struts-default" namespace="/">
	    <default-action-ref name="pagenotfound"></default-action-ref>  
  		<action name="pagenotfound">  
              <result>/public/error.jsp</result>  
   		</action>
   		
		<!-- 公司管理 -->
		<action name="company_*" class="webAction" method="web_{1}"></action>
		
		<action name="util_getAllDepartment" class="roleAction" method="util_getAllDepartment">
		</action>
	</package> 
</struts>
