﻿<?xml version="1.0" encoding="UTF-8"?>
<!DOCTYPE struts PUBLIC
    "-//Apache Software Foundation//DTD Struts Configuration 2.0//EN"
    "http://struts.apache.org/dtds/struts-2.0.dtd">
<struts>
	<package name="Struts2_yuanxu" extends="struts-default" namespace="/">
		<default-action-ref name="pagenotfound"></default-action-ref>  
  		<action name="pagenotfound">  
              <result>/public/error.jsp</result>  
   		</action>
   		
		<action name="util_changeLanguage" class="changeLanguageAction" method="util_changeLanguage">
			<result name="success">${url}</result>
			<result name="input">${url}</result>
		</action>
		
		<action name="initData" class="initDataAciton" method="initData">
			<result name="success">/public/noticedialog.jsp?rUrl=admin/login.jsp</result>
			<result name="input">/public/noticedialog.jsp?rUrl=admin/login.jsp</result>
		</action>
		
		<action name="bakeupDB" class="initDataAciton" method="bakeupDB">
			<result name="success">/public/noticedialog.jsp?rUrl=admin/login.jsp</result>
			<result name="input">/public/noticedialog.jsp?rUrl=admin/login.jsp</result>
		</action>
	</package> 
</struts>
