﻿<?xml version="1.0" encoding="UTF-8"?>
<!DOCTYPE struts PUBLIC
    "-//Apache Software Foundation//DTD Struts Configuration 2.0//EN"
    "http://struts.apache.org/dtds/struts-2.0.dtd">
<struts>
	<package name="Struts2_webworker" extends="struts-default" namespace="/webworker">
		<!-- 定义拦截器 -->
    	<interceptors>  
            <interceptor name="webWorkerInterceptot" class="com.YuanXu.Util.Filter.MyInterceptot">
                  <!-- 不拦截的方法 -->
                  <param name="excludeMethods">login</param>
            </interceptor>
            <!-- 拦截器栈 -->  
            <interceptor-stack name="mydefault">
                <interceptor-ref name="defaultStack" />
                <interceptor-ref name="webWorkerInterceptot" />
            </interceptor-stack>  
        </interceptors>
   		
        <!-- 定义全局Result -->  
        <global-results> 
       		<result name="loginTimeOut">/webworker/login.jsp</result>
       		<result name="loginTimeOut_list">/public/listerror_loginLose.jsp</result>
       		<result name="noPower">/public/error_noPower.jsp</result>
       		<result name="noPower_list">/public/listerror_noPower.jsp</result>
       		<result name="exception-error">/public/error.jsp</result>
        </global-results>
        <global-exception-mappings>
            <exception-mapping result="exception-error" exception="java.lang.Exception"></exception-mapping>
        </global-exception-mappings>
		<action name="login" class="webWorkerAction" method="login">
			<result name="success">/webworker/cn/manage.jsp</result>
			<result name="input">/public/noticedialog.jsp?rUrl=webworker/login.jsp</result>
			<result name="error">/public/noticedialog.jsp?rUrl=webworker/login.jsp</result>
			<interceptor-ref name="mydefault"/>
		</action>
		<action name="updateName" class="webWorkerAction" method="updateName">
			<result name="success">/webworker/login.jsp</result>
			<result name="input">/public/noticedialog.jsp?rUrl=webworker/cn/adminsetting.jsp</result>
			<result name="error">/public/noticedialog.jsp?rUrl=webworker/cn/adminsetting.jsp</result>
			<result name="input_cn">/public/noticedialog.jsp?rUrl=webworker/cn/adminsetting.jsp</result>
			<result name="error_cn">/public/noticedialog.jsp?rUrl=webworker/cn/adminsetting.jsp</result>
			<result name="input_vn">/public/noticedialog.jsp?rUrl=webworker/vn/adminsetting.jsp</result>
			<result name="error_vn">/public/noticedialog.jsp?rUrl=webworker/vn/adminsetting.jsp</result>
			<interceptor-ref name="mydefault" />
		</action>
		<action name="updatePw" class="webWorkerAction" method="updatePw">
			<result name="success">/public/noticedialog.jsp?rUrl=webworker/exit.jhtml</result>
			<result name="input">/public/noticedialog.jsp?rUrl=webworker/cn/adminsetting.jsp</result>
			<result name="error">/public/noticedialog.jsp?rUrl=webworker/cn/adminsetting.jsp</result>
			<result name="input_cn">/public/noticedialog.jsp?rUrl=webworker/cn/adminsetting.jsp</result>
			<result name="error_cn">/public/noticedialog.jsp?rUrl=webworker/cn/adminsetting.jsp</result>
			<result name="input_vn">/public/noticedialog.jsp?rUrl=webworker/vn/adminsetting.jsp</result>
			<result name="error_vn">/public/noticedialog.jsp?rUrl=webworker/vn/adminsetting.jsp</result>
			<interceptor-ref name="mydefault" />
		</action>
		<action name="exit" class="webWorkerAction" method="exit">
			<result name="success">/webworker/login.jsp</result>
			<result name="input">/webworker/login.jsp</result>
			<interceptor-ref name="mydefault" />
		</action>
		<action name="clearCache" class="clearCacheAction" method="clearCache">
			<result name="success">/public/noticedialog.jsp?rUrl=closeTab</result>
			<result name="input">/public/noticedialog.jsp?rUrl=closeTab</result>
			<result name="error">/public/noticedialog.jsp?rUrl=closeTab</result>
			<interceptor-ref name="mydefault" />
		</action>
		
		<!-- 获取网络部工作人员操作记录 -->
		<action name="webworkerlog_*" class="webWorkerLogAction" method="admin_{1}">
			<interceptor-ref name="mydefault" />
		</action>
		
		<!-- 网络部角色 -->
		<action name="webrole_*" class="webRoleAction" method="admin_{1}">
			<interceptor-ref name="mydefault" />
		</action>
		
		<!-- 网络部工作人员管理 -->
		<action name="webworker_*" class="webWorkerAction" method="admin_{1}">
			<interceptor-ref name="mydefault" />
		</action>
		
		<action name="losegoods_*" class="loseGoodsAction" method="admin_{1}">
			<interceptor-ref name="mydefault" />
		</action>
		
		<!-- 招领 -->
		<action name="getgoods_*" class="getGoodsAction" method="admin_{1}">
			<interceptor-ref name="mydefault" />
		</action>

		<!-- 会员管理 -->
		<action name="member_*" class="memberAction" method="admin_{1}">
			<interceptor-ref name="mydefault" />
		</action>
			
		<action name="groupaction_*" class="groupactionAction" method="admin_{1}">
			<interceptor-ref name="mydefault" />
		</action>	
		
		<!-- 新闻分类管理 -->
		<action name="newsType_*" class="newsTypeAction" method="admin_{1}">
			<interceptor-ref name="mydefault" />
		</action>

		<!-- 新闻管理 -->
		<action name="news_*" class="newsAction" method="admin_{1}">
			<result name="success">/webworker/cn/manage-news.jsp</result>
			<result name="error">/public/error.jsp</result>
			<interceptor-ref name="mydefault" />
		</action>
		
	</package>
</struts>
