﻿<?xml version="1.0" encoding="UTF-8"?>
<!DOCTYPE struts PUBLIC
    "-//Apache Software Foundation//DTD Struts Configuration 2.0//EN"
    "http://struts.apache.org/dtds/struts-2.0.dtd">
<struts>
	<package name="Struts2_ajax" extends="struts-default" namespace="/">
		<!-- 定义拦截器 -->
    	<interceptors>  
            <!-- 拦截器栈 -->  
            <interceptor-stack name="mydefault">
                <interceptor-ref name="defaultStack" />
                <!-- 防止重复调用，前台必须 使用 <s:token>标签 -->
                <interceptor-ref name="tokenSession" />
            </interceptor-stack>  
        </interceptors>
        
        <!-- 自定义使用拦截 -->
   		<default-interceptor-ref name="mydefault"></default-interceptor-ref>
 		
   		<default-action-ref name="pagenotfound"></default-action-ref> 
  		
   		<!-- 定义全局Result --> 
        <global-results> 
       		<result name="invalid.token">/mytoken/error-again-ajax.jsp</result>
        </global-results>
   		
   		<action name="pagenotfound">  
              <result>/public/error.jsp</result>  
   		</action>

		<!-- 测试ajax获取数据 -->
		<action name="testEmail_ajax" class="adminAction" method="testEmail_ajax"></action>
	</package>
</struts>
