﻿<?xml version="1.0" encoding="UTF-8"?>
<!DOCTYPE struts PUBLIC
    "-//Apache Software Foundation//DTD Struts Configuration 2.0//EN"
    "http://struts.apache.org/dtds/struts-2.0.dtd">
<struts>
	<package name="Struts2_util_chb" extends="struts-default" namespace="/">
	    <default-action-ref name="pagenotfound"></default-action-ref>  
  		<action name="pagenotfound">  
              <result>/public/error.jsp</result>  
   		</action>
   		
		<action name="getGoodsByWhere_ajax" class="goodsWebAction" method="getGoodsByWhere_ajax">
		</action>
		
		<action name="getGoodsDetailById_ajax" class="goodsWebAction" method="getGoodsDetailById_ajax">
		</action>
		
		<action name="getGoodsByHistory_ajax" class="goodsWebAction" method="getGoodsByHistory_ajax">
		</action>
		
		<action name="getGoodsByReXiao_ajax" class="goodsWebAction" method="getGoodsByReXiao_ajax">
		</action>
	</package> 
</struts>
