﻿<?xml version="1.0" encoding="UTF-8"?>
<!DOCTYPE struts PUBLIC
    "-//Apache Software Foundation//DTD Struts Configuration 2.0//EN"
    "http://struts.apache.org/dtds/struts-2.0.dtd">
<struts>
	<package name="Struts2_external" extends="struts-default" namespace="/external_user">
		<!-- 监控 参数 ：projectName -->
		<action name="checkYuanXuProject" class="yuanXuTipAction" method="checkYuanXuProject"></action>
		
		<!-- 登陆接口 -->
		<action name="loginUser" class="externaluserAction" method="loginUser"></action>
		<!-- 注册接口 -->
		<action name="registerUser" class="externaluserAction" method="registerUser"></action>
		<!-- 退出 -->
		<action name="doUserLogOut" class="externaluserAction" method="doUserLogOut"></action>
		<!-- 寻找失物 -->
		<action name="doLookforlose" class="externaluserAction" method="doLookforlose"></action>
		<!-- 拾物招领 -->
		<action name="doGetforlose" class="externaluserAction" method="doGetforlose"></action>
		<!-- 校园新闻 -->
		<action name="doSchoolnews" class="externaluserAction" method="doSchoolnews"></action>
		<!-- 社团活动 -->
		<action name="doGroupaction" class="externaluserAction" method="doGroupaction"></action>
		<!-- 社团活动 -->
		<action name="doGroupactionById" class="externaluserAction" method="doGroupactionById"></action>
		<!-- 点赞 -->
		<action name="doGivegood" class="externaluserAction" method="doGivegood"></action>
		<!-- 点批 -->
		<action name="doGivehit" class="externaluserAction" method="doGivehit"></action>
		
		
	</package> 
</struts>
